case,x_m,Nu,Nu_reference,Cf,Cf_reference,q_wall_W_m2
coarse,0.020833333333333332,0.0,nan,0.04879313363048906,0.025311242464082,0.0
coarse,0.0625,-6.97060513313247e-14,nan,0.03098286246842116,0.014613452650161628,-2.866312830744072e-12
coarse,0.10416666666666666,-5.460307354287102e-11,nan,0.01971179396403122,0.011319531748933326,-1.347167030449714e-09
coarse,0.14583333333333331,-8.349173577939423e-08,nan,0.013708325965568462,0.009566750419145528,-1.4713629322494391e-06
coarse,0.1875,-0.00010896799743019469,nan,0.010774664792600258,0.008437080821360668,-0.0014935880181098685
coarse,0.22916666666666666,-0.13699555285150514,nan,0.009224170424842174,0.007631626748279151,-1.5363428545237887
coarse,0.2708333333333333,85.58399442242064,72.37663630022783,0.008244185465476365,0.007020075580765319,812.1262732269087
coarse,0.3125,62.83777925828701,56.2176663116456,0.007533541676234063,0.006535334702347171,516.7778966201524
coarse,0.35416666666666663,57.4409232857429,52.377493193820534,0.006981601614708388,0.0061388780114723,416.81837038407326
coarse,0.3958333333333333,55.59131128167631,51.15789453794212,0.0065372593116321326,0.005806797265073098,360.9339031425048
coarse,0.4375,55.007079145927044,50.95758778111953,0.006170246491636748,0.005523365929763636,323.1272992115029
coarse,0.47916666666666663,55.04935807899896,51.253576242844176,0.0058604816610200484,0.005277758891454608,295.2560353315353
coarse,0.5208333333333333,55.4398129072636,51.8214405015151,0.005594217824880142,0.005062248492816401,273.5622128096016
coarse,0.5625,56.03611133072166,52.54881692602782,0.005361908245292593,0.00487115088338721,256.022766435475
coarse,0.6041666666666666,56.760294186421845,53.373533953516414,0.0051567954949174885,0.004700179729049062,241.44654795989658
coarse,0.6458333333333333,57.566928369866986,54.258706784503445,0.0049739816183369525,0.004546033347434379,229.07923495828365
coarse,0.6875,58.42795593929022,55.18130963098339,0.00480983881707885,0.004406121757473716,218.4143225657831
coarse,0.7291666666666666,59.32534456499886,56.12640935309425,0.004661649090719617,0.004278380852196801,209.0964144439503
coarse,0.7708333333333333,60.24740309537969,57.08403723490618,0.004527393678466201,0.004161142628535437,200.86809853637945
coarse,0.8125,61.18685751900737,58.04739219718613,0.004405637781682517,0.004053042526286375,193.53873701396796
coarse,0.8541666666666666,62.13989279085054,59.01175996682054,0.0042954562828411355,0.0039529519536903165,186.96529694339813
coarse,0.8958333333333333,63.108585110367855,59.97383766508088,0.004197119591168731,0.0038599282891144194,181.04825719104605
coarse,0.9375,64.09927454487722,60.93129804922461,0.004115874263216006,0.0037731772496444422,175.71747795235677
coarse,0.9791666666666666,64.76526398945188,61.882500654066,0.003953603367128629,0.0036920241668244686,169.98814820720818
medium,0.010416666666666666,0.0,nan,0.09175977620969612,0.03579550237321857,0.0
medium,0.03125,0.0,nan,0.04517492777703151,0.020666542930955625,0.0
medium,0.05208333333333333,0.0,nan,0.02571926894524338,0.01600823531905435,0.0
medium,0.07291666666666666,0.0,nan,0.018571141878450298,0.013529428190594097,0.0
medium,0.09375,0.0,nan,0.015316087996736713,0.011931834124406187,0.0
medium,0.11458333333333333,-1.3339484210153952e-13,nan,0.013350078083346687,0.010792750050385658,-2.991925040299258e-12
medium,0.13541666666666666,0.0,nan,0.011976118587131435,0.009927886095202496,0.0
medium,0.15625,-1.4370262535484033e-11,nan,0.010945009331660632,0.009242358970706905,-2.363620781836414e-10
medium,0.17708333333333331,-5.706594964692379e-09,nan,0.010135961998164154,0.008681684541578106,-8.281947704052377e-08
medium,0.19791666666666666,-2.231418186453166e-06,nan,0.009480690077347358,0.008212051446217372,-2.897555236640659e-05
medium,0.21875,-0.0009463956065891941,nan,0.008937049965310874,0.007811219007821214,-0.011118796383699333
medium,0.23958333333333331,-0.5162726389571831,nan,0.008477337140115022,0.007463878203230297,-5.538034151457228
medium,0.26041666666666663,102.18848065833119,88.39841783872149,0.008082454973207965,0.007159100474643713,1008.4776779209391
medium,0.28125,71.6625628310409,65.14734966835285,0.007738756924564259,0.006888847643651875,654.8365741360893
medium,0.3020833333333333,63.063358700792556,58.15322410758883,0.007436211603275501,0.006647057918412283,536.5169606434325
medium,0.32291666666666663,59.00855159812292,54.811576107564434,0.007167274247176477,0.006429062014942057,469.6319306544803
medium,0.34375,56.76192485727202,52.97621061235009,0.0069261607622620605,0.006231197146886506,424.3727909329138
medium,0.3645833333333333,55.440156277140844,51.92408543936006,0.006708363562868661,0.006050544226174077,390.80558161989114
medium,0.38541666666666663,54.659415981601235,51.3345108871916,0.006510319027705517,0.005884744340243646,364.47489489136916
medium,0.40625,54.2232450429468,51.04111193363978,0.006329173471005755,0.005731867709549103,343.02459017938037
medium,0.4270833333333333,54.01972847197506,50.948235989748106,0.006162615055428431,0.005590318264318069,325.0670099659924
medium,0.44791666666666663,53.98010090559431,50.99673411656102,0.006008750954392094,0.0054587629362531885,309.7202440797263
medium,0.46875,54.05965922405522,51.147983058488464,0.0058660162232135925,0.005336078439684783,296.39109163908677
medium,0.4895833333333333,54.228047132630834,51.37567393926376,0.005733105293069559,0.00522131064933239,284.662633799206
medium,0.5104166666666666,54.46392282973821,51.66127150921452,0.005608919859292247,0.005113643196174081,274.2314089908778
medium,0.53125,54.75185274789994,51.99135326095308,0.005492528815253689,0.005012372907099532,264.87013941101713
medium,0.5520833333333333,55.080412528848186,52.355974955783275,0.005383137146804138,0.0049168903928119385,256.4045165871213
medium,0.5729166666666666,55.440978721569074,52.74762665435872,0.005280061568046608,0.004826664555365322,248.69815036700953
medium,0.59375,55.82693371423479,53.160543599887184,0.00518271128242262,0.004741230113072655,241.64247519256153
medium,0.6145833333333333,56.23312741549268,53.59023835862548,0.005090572679624928,0.004660177471980821,235.14978298220944
medium,0.6354166666666666,56.65550373108948,54.033175357019424,0.005003197084580806,0.004583144439497478,229.14829312351475
medium,0.65625,57.090835857536874,54.48653961599327,0.004920190896656494,0.004509809396864699,223.57858766303966
medium,0.6770833333333333,57.536535255936734,54.94806931672996,0.004841207620278821,0.004439885636349545,218.39098428222636
medium,0.6979166666666666,57.9905116566684,55.415932551376685,0.004765941409508695,0.004373116635390917,213.543567700496
medium,0.71875,58.45106915553691,55.88863524392395,0.004694121840789448,0.004309272089833592,209.00069249353723
medium,0.7395833333333333,58.916828355124984,56.36495143630451,0.004625509698910413,0.004248144566237034,204.73182946164
medium,0.7604166666666666,59.38666769542243,56.84386986917843,0.004559893618042907,0.004189546662223315,200.71066649061132
medium,0.78125,59.85967926214674,57.3245526000606,0.004497087468752812,0.004133308586191126,196.91440090075795
medium,0.8020833333333333,60.335135867820135,57.80630262645925,0.004436928430227665,0.004079276085114326,193.32317819881283
medium,0.8229166666666666,60.81246734805751,58.288538323510934,0.0043792757441413754,0.004027308662767698,189.91964486218674
medium,0.84375,61.291245061354964,58.770773093133265,0.00432401023452437,0.0039772780414687285,186.68859236466048
medium,0.8645833333333333,61.77117486063077,59.25259903765525,0.00427103490569025,0.00392906682895554,183.61667785078106
medium,0.8854166666666666,62.252097300064236,59.7336737692227,0.004220277025976614,0.003882567358835548,180.69220524555118
medium,0.90625,62.733969015196855,60.213709682865684,0.004171683776625102,0.0038376806785143654,177.9048831658548
medium,0.9270833333333333,63.216993440144414,60.6924651801245,0.004125196213688298,0.00379431566293743,175.2460294556453
medium,0.9479166666666666,63.70481414980463,61.16973744808831,0.004081468529713207,0.0037523882360688456,172.71705216527255
medium,0.96875,64.19885831330383,61.645356487055146,0.00404701360062443,0.0037118206849635943,170.31335831245508
medium,0.9895833333333333,64.28116907704153,62.1191801468031,0.003920363687828439,0.0036725410536935007,166.941579312502
fine,0.006944444444444444,0.0,nan,0.1318991152413794,0.04384035795048489,0.0
fine,0.020833333333333332,0.0,nan,0.055934626049773443,0.025311242464082,0.0
fine,0.034722222222222224,0.0,nan,0.031002074879454604,0.019606004107041514,0.0
fine,0.048611111111111105,8.610438869614324e-14,nan,0.02293016526757605,0.016570097789290906,4.552216024095528e-12
fine,0.0625,2.2141128521865407e-13,nan,0.01911128596532886,0.014613452650161628,9.104432048191057e-12
fine,0.0763888888888889,4.059206895675325e-13,nan,0.01672956404696496,0.013218365272421147,1.3656648072286584e-11
fine,0.09027777777777776,0.0,nan,0.01504701104395388,0.012159127578859126,0.0
fine,0.10416666666666666,0.0,nan,0.013774073065380074,0.011319531748933326,0.0
fine,0.11805555555555555,0.0,nan,0.012767039248278047,0.010632848617337423,0.0
fine,0.13194444444444445,2.3371191217524595e-13,nan,0.011944873633385375,0.010057667892358606,4.552216024095528e-12
fine,0.14583333333333331,-2.583131660884297e-13,nan,0.011257745802709608,0.009566750419145528,-4.552216024095528e-12
fine,0.1597222222222222,2.829144200016135e-13,nan,0.010672978772723721,0.009141346550097776,4.552216024095528e-12
fine,0.1736111111111111,-1.5375783695739865e-12,nan,0.010168054142108151,0.008768071590096977,-2.276108012047764e-11
fine,0.1875,-3.1152567830264627e-10,nan,0.00972683266728942,0.008437080821360668,-4.269978630601605e-09
fine,0.20138888888888887,-6.424958186794641e-08,nan,0.009337375845569925,0.008140950095418296,-8.199132847479178e-07
fine,0.21527777777777776,-1.3537560278143327e-05,nan,0.008990622241249161,0.007873960730658762,-0.00016161226799146075
fine,0.22916666666666666,-0.003173300890607595,nan,0.008679546725783562,0.007631626748279151,-0.03558712707866845
fine,0.24305555555555555,-1.052094415001781,nan,0.008398605826273726,0.0074103730101346904,-11.124545745824548
fine,0.2569444444444444,115.68892224346908,100.1207528327095,0.00814335965034684,0.0072073104501640855,1157.1393606449471
fine,0.27083333333333337,79.64339880708579,72.37663630022774,0.007910206755654644,0.007020075580765318,755.7545905263156
fine,0.2847222222222222,68.92027459353712,63.5142153378304,0.007696193584953798,0.006846713623670285,622.0979322335663
fine,0.29861111111111105,63.53424104635224,58.96245439471773,0.007498874533208113,0.006685591910318585,546.8081843356755
fine,0.3125,60.30730094053948,56.2176663116456,0.0073162072662100435,0.006535334702347171,495.96724293499676
fine,0.32638888888888884,58.200912089950855,54.428926346576695,0.0071464731339529325,0.0063947734397121325,458.2764584308302
fine,0.3402777777777778,56.76064492828339,53.21536688861195,0.0069882158038426295,0.006262908278640698,428.6934586746759
fine,0.35416666666666663,55.752062420663435,52.377493193820534,0.006840193354940903,0.0061388780114723,404.5632011890025
fine,0.3680555555555556,55.0404780926112,51.79945435092379,0.006701340471908931,0.006021936291790996,384.3279270285576
fine,0.3819444444444444,54.54238619283704,51.40885377759749,0.006570738320770707,0.005911432660111243,367.0008414953661
fine,0.39583333333333326,54.20298111085598,51.15789453794212,0.006447590338571015,0.005806797265073099,351.9199868334314
fine,0.4097222222222222,53.98466939108932,51.01364227825237,0.006331202625134526,0.0057075284585831314,338.621126241599
fine,0.42361111111111105,53.860738364550144,50.95261351468762,0.006220967950695603,0.005613182647121415,326.7669189172577
fine,0.4375,53.811651996219844,50.95758778111953,0.006116352629133959,0.005523365929763636,316.1050185835086
fine,0.45138888888888884,53.82277615696804,51.01563888138853,0.006016885679979611,0.005437727162684288,306.4420461564729
fine,0.4652777777777778,53.88292446521876,51.11687040289475,0.005922149831435117,0.005355952171192267,297.6267565087785
fine,0.47916666666666663,53.983396692785256,51.253576242844176,0.005831774013849664,0.005277758891454608,289.53877460965174
fine,0.4930555555555556,54.11732423163311,51.41966729691446,0.005745427067014777,0.005202893270428854,282.08083593863074
fine,0.5069444444444444,54.27921328896532,51.61027021426241,0.005662812441431849,0.005131125788013754,275.17330484904505
fine,0.5208333333333333,54.46461904063269,51.8214405015151,0.005583663717684641,0.005062248492816401,268.750216194098
fine,0.5347222222222222,54.66990868548058,52.0499534803701,0.00550774080238873,0.004996072464234129,262.75636112107344
fine,0.5486111111111112,54.89208617946267,52.29314939755891,0.0054348266861936265,0.004932425630235656,257.1451044720955
fine,0.5625,55.12866060167676,52.54881692602782,0.005364724670689734,0.00487115088338721,251.8767248823276
fine,0.5763888888888888,55.377545926889745,52.815104352404,0.0052972559880985455,0.004812104448118112,246.91713489907664
fine,0.5902777777777777,55.63698376145006,53.09045104061595,0.00523225775126332,0.004755154460566225,242.23688176985232
fine,0.6041666666666666,55.90548310981621,53.373533953516414,0.00516958118244089,0.004700179729049062,237.81035849748028
fine,0.6180555555555556,56.181772935907624,53.66322550026285,0.005109090078284814,0.004647068648623395,233.61517447326622
fine,0.6319444444444444,56.46476445159622,53.9585600018133,0.005050659475639244,0.004595718247595451,229.631648662052
fine,0.6458333333333333,56.75352088104812,54.258706784503445,0.0049941744886684665,0.004546033347434379,225.84239793180961
fine,0.6597222222222222,57.0472330286455,54.56294842150126,0.004939529292694409,0.004497925820486176,222.2319999920119
fine,0.673611111111111,57.345199394515106,54.870663008943374,0.004886626234110633,0.004451313932310999,218.78671538064077
fine,0.6875,57.64680988466024,55.18130963098339,0.004835375049053777,0.004406121757473716,215.49425658702086
fine,0.7013888888888888,57.95153238580168,55.49441636505031,0.0047856921762769655,0.004362278659285065,212.34359510235137
fine,0.7152777777777777,58.258901641065215,55.80957032536324,0.004737500151993823,0.004319718825381551,209.32479921675164
fine,0.7291666666666666,58.56850998783038,56.12640935309425,0.004690727076443025,0.004278380852196801,206.42889691710735
fine,0.7430555555555556,58.87999961401628,56.444615045303294,0.004645306143647403,0.0042382073723556905,203.64775941266493
fine,0.7569444444444444,59.19305606260202,56.76390687884811,0.004601175227394477,0.004199144719847852,200.97400172153908
fine,0.7708333333333333,59.50740277162305,57.08403723490618,0.0045582765179420625,0.004161142628535437,198.40089745695732
fine,0.7847222222222221,59.82279648295097,57.4047871681658,0.004516556205473051,0.004124153960142789,195.92230550805755
fine,0.798611111111111,60.13902339177347,57.725962794819026,0.004475964208048113,0.0040881344583803625,193.53260675502202
fine,0.8125,60.455895942592115,58.04739219718613,0.004436453943959201,0.004053042526286375,191.22664931995294
fine,0.8263888888888888,60.7732502102993,58.368922761593424,0.004397982151277168,0.0040188390242388294,188.99970115821486
fine,0.8402777777777777,61.09094383896092,58.690418881115846,0.004360508761374333,0.003985487086407718,186.8474090572121
fine,0.8541666666666666,61.40885454687447,59.01175996682054,0.0043239968385053755,0.0039529519536903165,184.7657633390838
fine,0.8680555555555556,61.72687923956741,59.33283872084642,0.004288412603438285,0.003921200821408302,182.75106775183286
fine,0.8819444444444444,62.04493377126951,59.65355963251616,0.004253725561829058,0.0038902027002495243,180.79991409505058
fine,0.8958333333333333,62.36295325953046,59.97383766508088,0.004219908748408318,0.0038599282891144194,178.90916079292276
fine,0.9097222222222221,62.680892022376206,60.293597105938474,0.004186939038999185,0.003830349858681064,177.0759123636717
fine,0.923611111111111,62.998716948237856,60.612770557473866,0.004154796703390212,0.0038014411446371465,175.29748246769827
fine,0.9375,63.316375792827834,60.93129804922461,0.004123457267726148,0.0037731772496444422,173.57129150673873
fine,0.9513888888888888,63.63392046774859,61.24912625502152,0.0040928816943496095,0.003745534553204065,171.89519187375475
fine,0.9652777777777777,63.95332387889452,61.566207801205316,0.00406358758545344,0.0037184906286808583,170.27227410864236
fine,0.9791666666666666,64.26602012123726,61.882500654066,0.004040174832638746,0.0036920241668244686,168.67779238629424
fine,0.9930555555555556,64.20795326450576,62.19796757636745,0.003935753511782984,0.003666114905194382,166.16838702187619
uniform,0.010416666666666666,3.789561257387201e-15,nan,0.0367923802468249,0.03579550237321857,9.349605534225703e-13
uniform,0.03125,2.2737367544323204e-14,nan,0.032908297522766236,0.020666542930955625,1.8699211068451405e-12
uniform,0.05208333333333333,0.0,nan,0.02914051952544111,0.01600823531905435,0.0
uniform,0.07291666666666666,2.65269288017104e-14,nan,0.025630249803722086,0.013529428190594097,9.349605534225703e-13
uniform,0.09375,0.0,nan,0.022423436802951842,0.011931834124406187,0.0
uniform,0.11458333333333333,0.0,nan,0.019547776218777242,0.010792750050385658,0.0
uniform,0.13541666666666666,0.0,nan,0.01702016760302974,0.009927886095202496,0.0
uniform,0.15625,-2.1941559680271887e-11,nan,0.0148460214291905,0.009242358970706905,-3.6089477362111205e-10
uniform,0.17708333333333331,-7.956055014801675e-09,nan,0.013017625624815012,0.008681684541578106,-1.1546575842658057e-07
uniform,0.19791666666666666,-2.626000188380809e-06,nan,0.011513765687795838,0.008212051446217372,-3.409930349880596e-05
uniform,0.21875,-0.0007999024902460405,nan,0.010301456768766518,0.007811219007821214,-0.009397711542547767
uniform,0.23958333333333331,-0.2279030443610357,nan,0.0093396569046846,0.007463878203230297,-2.4447060480328147
uniform,0.26041666666666663,105.01991417842805,88.39841783872149,0.00858403777844742,0.007159100474643713,1036.420529044071
uniform,0.28125,79.70856910274796,65.14734966835285,0.007991571082994432,0.006888847643651875,728.3591914455548
uniform,0.3020833333333333,66.85260173271507,58.15322410758883,0.007523936557119087,0.006647057918412283,568.7542723963954
uniform,0.32291666666666663,60.42615345399869,54.811576107564434,0.007149340904551552,0.006429062014942057,480.91421226356647
uniform,0.34375,57.19781666104389,52.97621061235009,0.006842896348837162,0.006231197146886506,427.63167656402265
uniform,0.3645833333333333,55.541327224792425,51.92408543936006,0.006586015078280392,0.006050544226174077,391.5187500828797
uniform,0.38541666666666663,54.672729248948514,51.3345108871916,0.006365316106106415,0.005884744340243646,364.56366919731295
uniform,0.40625,54.22199685432811,51.04111193363978,0.006171424020507286,0.005731867709549103,343.0166939461496
uniform,0.4270833333333333,54.01346711568447,50.948235989748106,0.005997882072247907,0.005590318264318069,325.02933187272373
uniform,0.44791666666666663,53.96036680542425,50.99673411656102,0.0058402730095629,0.0054587629362531885,309.60701623800634
uniform,0.46875,54.016400530339745,51.147983058488464,0.005695559686702929,0.005336078439684783,296.1539186410094
uniform,0.4895833333333333,54.15416020111432,51.37567393926376,0.005561617178903189,0.00522131064933239,284.2747745706155
uniform,0.5104166666666666,54.35559921370378,51.66127150921452,0.005436914753003452,0.005113643196174081,273.68598853071427
uniform,0.53125,54.607776418809195,51.99135326095308,0.005320307015089832,0.005012372907099532,264.1731489813452
uniform,0.5520833333333333,54.90086864581286,52.355974955783275,0.0052109005062799685,0.0049168903928119385,255.56872287348966
uniform,0.5729166666666666,55.22716393564861,52.74762665435872,0.0051079702891368844,0.004826664555365322,247.73901611278595
uniform,0.59375,55.580491916259,53.160543599887184,0.005010908506048216,0.004741230113072655,240.57577132595478
uniform,0.6145833333333333,55.95586220824977,53.59023835862548,0.004919192768381279,0.004660177471980821,233.99034447490484
uniform,0.6354166666666666,56.34921234508175,54.033175357019424,0.004832366524150436,0.004583144439497478,227.90946999637004
uniform,0.65625,56.75722068492591,54.48653961599327,0.004750026507898215,0.004509809396864699,222.27208710134795
uniform,0.6770833333333333,57.17716240079687,54.94806931672996,0.004671814322690977,0.004439885636349545,217.02691550037855
uniform,0.6979166666666666,57.60679646471488,55.415932551376685,0.0045974104356050005,0.004373116635390917,212.13057945932027
uniform,0.71875,58.044276123330725,55.88863524392395,0.004526529619270181,0.004309272089833592,207.5461421035965
uniform,0.7395833333333333,58.48807773043797,56.36495143630451,0.0044589173145196965,0.004248144566237034,203.24195123455857
uniform,0.7604166666666666,58.93694418779514,56.84386986917843,0.004394346641569328,0.004189546662223315,199.19072424675096
uniform,0.78125,59.389840164450895,57.3245526000606,0.00433261592815157,0.004133308586191126,195.36881820497769
uniform,0.8020833333333333,59.8459169466953,57.80630262645925,0.00427354670390745,0.004079276085114326,191.75564453361906
uniform,0.8229166666666666,60.30448533888702,58.288538323510934,0.004216982165867009,0.004027308662767698,188.33319775709123
uniform,0.84375,60.764995571323716,58.770773093133265,0.004162786176104448,0.0039772780414687285,185.085675399469
uniform,0.8645833333333333,61.22702360970946,59.25259903765525,0.004110842880535133,0.00392906682895554,181.99917186731955
uniform,0.8854166666666666,61.69026536907726,59.7336737692227,0.004061057440900193,0.003882567358835548,179.0614384924558
uniform,0.90625,62.15454295917302,60.213709682865684,0.004013361116241849,0.0038376806785143654,176.26171079180654
uniform,0.9270833333333333,62.619606207651415,60.6924651801245,0.003967662398621724,0.00379431566293743,173.58999150058156
uniform,0.9479166666666666,63.08596374666189,61.16973744808831,0.003923857232474688,0.0037523882360688456,171.03921951182883
uniform,0.96875,63.571082278351476,61.645356487055146,0.003887887231334466,0.0037118206849635943,168.647929244246
uniform,0.9895833333333333,63.8184795396554,62.1191801468031,0.0038000746376483934,0.0036725410536935007,165.7399502318293
taller,0.010416666666666666,0.0,nan,0.09271591944602575,0.03579550237321857,0.0
taller,0.03125,0.0,nan,0.04520131591077881,0.020666542930955625,0.0
taller,0.05208333333333333,0.0,nan,0.02567203352046079,0.01600823531905435,0.0
taller,0.07291666666666666,0.0,nan,0.018582076851432552,0.013529428190594097,0.0
taller,0.09375,1.1070564260932703e-13,nan,0.015364288844203674,0.011931834124406187,3.0348106827303523e-12
taller,0.11458333333333333,0.0,nan,0.013423058780001784,0.010792750050385658,0.0
taller,0.13541666666666666,1.599081504356946e-13,nan,0.01206535395354048,0.009927886095202496,3.0348106827303523e-12
taller,0.15625,-1.4207224134863636e-11,nan,0.011043031418232293,0.009242358970706905,-2.3368042257023713e-10
taller,0.17708333333333331,-5.60144720286586e-09,nan,0.010236828020014624,0.008681684541578106,-8.129347375829796e-08
taller,0.19791666666666666,-2.200849651968088e-06,nan,0.009580048217408897,0.008212051446217372,-2.857861190176667e-05
taller,0.21875,-0.0009386497885947872,nan,0.00903193311559847,0.007811219007821214,-0.011027794087719329
taller,0.23958333333333331,-0.5163686242851017,nan,0.008565899178694426,0.007463878203230297,-5.539063781896535
taller,0.26041666666666663,102.57874802265626,88.39841783872149,0.008163709766418828,0.007159100474643713,1012.3291484859902
taller,0.28125,71.86966113875636,65.14734966835285,0.007812345045268637,0.006888847643651875,656.728992450147
taller,0.3020833333333333,63.21350825893775,58.15322410758883,0.007502206883034826,0.006647057918412283,537.7943709532801
taller,0.32291666666666663,59.1259289814929,54.811576107564434,0.007226032263911274,0.006429062014942057,470.5661031714171
taller,0.34375,56.85567379833256,52.97621061235009,0.006978205368518317,0.006231197146886506,425.0736921068064
taller,0.3645833333333333,55.51509577464743,51.92408543936006,0.006754305121213612,0.006050544226174077,391.3338408434576
taller,0.38541666666666663,54.71858661505297,51.3345108871916,0.006550797677523774,0.005884744340243646,364.8694510720506
taller,0.40625,54.268803553575346,51.04111193363978,0.006364821396207838,0.005731867709549103,343.31280032661823
taller,0.4270833333333333,54.053334153866984,50.948235989748106,0.006194032726471167,0.005590318264318069,325.269234205904
taller,0.44791666666666663,54.0031024864126,50.99673411656102,0.006036493360945569,0.0054587629362531885,309.85221966157485
taller,0.46875,54.07319305291376,51.147983058488464,0.005890586049866529,0.005336078439684783,296.46529311144184
taller,0.4895833333333333,54.233092380911636,51.37567393926376,0.005754950767972708,0.00522131064933239,284.689118132309
taller,0.5104166666666666,54.461334505783576,51.66127150921452,0.005628435621103011,0.005113643196174081,274.2183765156516
taller,0.53125,54.74238267885772,51.99135326095308,0.005510058615204485,0.005012372907099532,264.8243265593682
taller,0.5520833333333333,55.06472350806767,52.355974955783275,0.005398977555216006,0.0049168903928119385,256.3314827152917
taller,0.5729166666666666,55.41965456308994,52.74762665435872,0.0052944661130605135,0.004826664555365322,248.6024940691919
taller,0.59375,55.80048667691717,53.160543599887184,0.00519589463494658,0.004741230113072655,241.52800127945622
taller,0.6145833333333333,56.202003768014386,53.59023835862548,0.0051027146304177835,0.004660177471980821,235.01963338380529
taller,0.6354166666666666,56.620087843750206,54.033175357019424,0.005014446151224402,0.004583144439497478,229.00505037393532
taller,0.65625,57.05145298680388,54.48653961599327,0.004930667461002759,0.004509809396864699,223.42435683975006
taller,0.6770833333333333,57.49345306123982,54.94806931672996,0.004851006539499446,0.004439885636349545,218.22745752721679
taller,0.6979166666666666,57.943940420282296,55.415932551376685,0.00477513407318415,0.004373116635390917,213.37207433570222
taller,0.71875,58.40116065126454,55.88863524392395,0.004702757668727335,0.004309272089833592,208.82223704173896
taller,0.7395833333333333,58.86367333114645,56.36495143630451,0.00463361709566211,0.004248144566237034,204.54711949662615
taller,0.7604166666666666,59.33029201585642,56.84386986917843,0.0045674804272289845,0.004189546662223315,200.52013213906983
taller,0.78125,59.80003892119408,57.3245526000606,0.004504141011775876,0.004133308586191126,196.71820803516007
taller,0.8020833333333333,60.2721113971649,57.80630262645925,0.0044434152804649464,0.004079276085114326,193.12123797283803
taller,0.8229166666666666,60.745858645249285,58.288538323510934,0.004385141491995157,0.004027308662767698,189.71162335387223
taller,0.84375,61.22076844537556,58.770773093133265,0.004329179655344717,0.0039772780414687285,186.4739258128773
taller,0.8645833333333333,61.6964651658456,59.25259903765525,0.004275413160172574,0.00392906682895554,183.39460103274013
taller,0.8854166666666666,62.17271792544764,59.7336737692227,0.004223752586382299,0.003882567358835548,180.46179960666404
taller,0.90625,62.64943198926513,60.213709682865684,0.004174132700120165,0.0038376806785143654,177.6651478205919
taller,0.9270833333333333,63.12684407129464,60.6924651801245,0.00412649298454426,0.00379431566293743,174.99612325022267
taller,0.9479166666666666,63.609006236799694,61.16973744808831,0.004081576055822227,0.0037523882360688456,172.4572969092662
taller,0.96875,64.09626013538639,61.645356487055146,0.004046146825248293,0.0037118206849635943,170.04117527529604
taller,0.9895833333333333,64.1484832567803,62.1191801468031,0.003915720864213707,0.0036725410536935007,166.59698725381935
